f571d054-2465-11ed-a48f-d45d6468b9a2.jpg,GPI9 XLO,GPI9 XDO
f6e1d526-2465-11ed-8054-d45d6468b9a2.jpg,LF64 KUA,LF64 KOA
faebbfa1-2465-11ed-9b63-d45d6468b9a2.jpg,GVIEXP,GVII EXP
fb1c66c6-2465-11ed-ae9f-d45d6468b9a2.jpg,333 JEL,T333 JEL
ff0a3e51-2465-11ed-98b7-d45d6468b9a2.jpg,NA54 KKP,NA54 KKP
001e197b-2466-11ed-bfda-d45d6468b9a2.jpg,GFG7 KVT,GF67 KVT
02ba3c18-2466-11ed-8fe4-d45d6468b9a2.jpg,RJIB VOD,RJIB VOD
69b8f7e6-2473-11ed-99c1-d45d6468b9a2.jpg,21 BH 2345 AA,21 BH 2345 AA
454f9b7f-2511-11ed-9867-d45d6468b9a2.jpg,GPI9 XDO,GPI9 XDO
4634bf7b-2511-11ed-89bf-d45d6468b9a2.jpg,LF64 KUA,LF64 KOA
48f60230-2511-11ed-944e-d45d6468b9a2.jpg,GVIIEXP,GVII EXP
49251288-2511-11ed-83c0-d45d6468b9a2.jpg,333 JEL,T333 JEL
4c54d8d1-2511-11ed-8d84-d45d6468b9a2.jpg,NA54 KKP,NA54 KKP
4d5ac773-2511-11ed-99e4-d45d6468b9a2.jpg,GF67 KVI,GF67 KVT
5273894c-2511-11ed-87e4-d45d6468b9a2.jpg,HG59 ODN,H659 ODN
574d6a62-2511-11ed-a3cd-d45d6468b9a2.jpg,G69 FPE,LG69 FPE
9856d60b-2512-11ed-8cf9-d45d6468b9a2.jpg,GPI9 XDO,GPI9 XDO
993bc4ad-2512-11ed-b3eb-d45d6468b9a2.jpg,LF64 KUA,LF64 KOA
9c0c0859-2512-11ed-bd13-d45d6468b9a2.jpg,GVIIEXP,GVII EXP
9c3b347f-2512-11ed-b827-d45d6468b9a2.jpg,333 JEL,T333 JEL
9f5a8ee4-2512-11ed-b1fc-d45d6468b9a2.jpg,NA54 KKP,NA54 KKP
a05a7667-2512-11ed-af52-d45d6468b9a2.jpg,GF67 KVI,GF67 KVT
a568a2bc-2512-11ed-bc65-d45d6468b9a2.jpg,HG59 ODN,H659 ODN
aa299664-2512-11ed-a598-d45d6468b9a2.jpg,G69 FPE,LG69 FPE
2f74b27a-2514-11ed-919b-d45d6468b9a2.jpg,GPI9 XDO,GPI9 XDO
3058eefd-2514-11ed-88e2-d45d6468b9a2.jpg,LF64 KUA,LF64 KOA
33142660-2514-11ed-9444-d45d6468b9a2.jpg,GVIIEXP,GVII EXP
33449ba9-2514-11ed-86ed-d45d6468b9a2.jpg,333 JEL,T333 JEL
3665567f-2514-11ed-91ab-d45d6468b9a2.jpg,NA54 KKP,NA54 KKP
37604e19-2514-11ed-95d0-d45d6468b9a2.jpg,GF67 KVI,GF67 KVT
3cd63f6f-2514-11ed-8870-d45d6468b9a2.jpg,HG59 ODN,H659 ODN
420ac0f4-2514-11ed-a3cb-d45d6468b9a2.jpg,G69 FPE,LG69 FPE
913442fa-2514-11ed-b856-d45d6468b9a2.jpg,GPI9 XDO,GPI9 XDO
92129dfa-2514-11ed-9428-d45d6468b9a2.jpg,LF64 KUA,LF64 KOA
006a4b42-2515-11ed-bd0e-d45d6468b9a2.jpg,GPI9 XDO,GPI9 XDO
018ac119-2515-11ed-ab5d-d45d6468b9a2.jpg,LF64 KUA,LF64 KOA
052dd886-2515-11ed-b6cc-d45d6468b9a2.jpg,GVIIEXP,GVII EXP
056b4531-2515-11ed-9673-d45d6468b9a2.jpg,333 JEL,T333 JEL
09bbffd3-2515-11ed-b757-d45d6468b9a2.jpg,NA54 KKP,NA54 KKP
0b1f95e7-2515-11ed-a71f-d45d6468b9a2.jpg,GF67 KVI,GF67 KVT
11ebbbfe-2515-11ed-a60e-d45d6468b9a2.jpg,HG59 ODN,H659 ODN
1802752a-2515-11ed-b7f2-d45d6468b9a2.jpg,G69 FPE,LG69 FPE
bbbc56f1-2515-11ed-b5c3-d45d6468b9a2.jpg,GPI9 XDO,GPI9 XDO
bc9e440b-2515-11ed-af59-d45d6468b9a2.jpg,LF64 KUA,LF64 KOA
bf5ad91d-2515-11ed-9a91-d45d6468b9a2.jpg,GVIIEXP,GVII EXP
bf89a9f6-2515-11ed-b555-d45d6468b9a2.jpg,333 JEL,T333 JEL
c2baea25-2515-11ed-8dc3-d45d6468b9a2.jpg,NA54 KKP,NA54 KKP
c3bfdaac-2515-11ed-bc52-d45d6468b9a2.jpg,GF67 KVI,GF67 KVT
506b7209-252a-11ed-8d56-d45d6468b9a2.jpg,GPI9 XDO,GPI9 XDO
